Real Value,Predicted Value,Correct,Absolute Difference,Line Number
4,3,0,1,1
2,1,0,1,3
3,4,0,1,5
1,2,0,1,10
5,4,0,1,11
1,2,0,1,12
4,5,0,1,13
2,1,0,1,18
2,3,0,1,23
5,4,0,1,24
3,2,0,1,25
3,2,0,1,27
1,2,0,1,28
4,5,0,1,29
2,1,0,1,30
4,5,0,1,31
4,5,0,1,41
3,2,0,1,43
4,3,0,1,44
4,3,0,1,45
4,5,0,1,46
3,2,0,1,47
3,2,0,1,48
2,3,0,1,52
3,4,0,1,55
5,4,0,1,60
1,4,0,3,66
2,1,0,1,67
4,3,0,1,73
4,3,0,1,78
5,4,0,1,79
3,4,0,1,82
2,1,0,1,84
3,4,0,1,99
4,5,0,1,116
4,5,0,1,119
2,3,0,1,120
3,2,0,1,122
2,1,0,1,126
4,5,0,1,136
2,3,0,1,140
3,4,0,1,142
2,1,0,1,144
5,4,0,1,145
3,4,0,1,150
1,2,0,1,152
3,4,0,1,155
4,3,0,1,157
3,1,0,2,159
3,2,0,1,165
5,4,0,1,166
3,2,0,1,168
3,2,0,1,170
5,4,0,1,174
4,5,0,1,176
4,5,0,1,178
3,4,0,1,181
2,1,0,1,184
4,5,0,1,187
2,1,0,1,188
3,2,0,1,196
2,1,0,1,198
4,5,0,1,201
2,1,0,1,202
4,5,0,1,203
1,2,0,1,204
5,4,0,1,208
3,2,0,1,211
5,4,0,1,212
3,1,0,2,214
2,1,0,1,218
3,4,0,1,219
2,3,0,1,222
2,1,0,1,225
1,2,0,1,226
3,2,0,1,229
3,2,0,1,230
3,2,0,1,236
3,2,0,1,237
3,4,0,1,238
4,3,0,1,240
3,2,0,1,249
1,2,0,1,254
3,4,0,1,255
3,4,0,1,258
5,4,0,1,260
3,2,0,1,261
3,2,0,1,264
4,5,0,1,265
5,4,0,1,270
5,4,0,1,280
2,1,0,1,282
4,5,0,1,287
3,4,0,1,289
2,1,0,1,291
3,4,0,1,297
4,5,0,1,300
5,4,0,1,305
5,4,0,1,306
2,3,0,1,309
1,2,0,1,310
4,2,0,2,311
4,3,0,1,312
4,2,0,2,313
3,2,0,1,316
4,5,0,1,322
4,3,0,1,327
2,3,0,1,328
5,4,0,1,329
3,2,0,1,337
1,2,0,1,338
2,1,0,1,340
4,5,0,1,342
5,4,0,1,344
2,3,0,1,345
3,1,0,2,350
4,3,0,1,353
3,2,0,1,354
2,1,0,1,357
4,5,0,1,361
4,3,0,1,362
3,2,0,1,364
3,2,0,1,371
2,1,0,1,372
1,2,0,1,378
2,1,0,1,382
3,4,0,1,388
1,2,0,1,392
5,4,0,1,394
4,5,0,1,396
1,2,0,1,397
1,2,0,1,401
5,4,0,1,403
2,1,0,1,408
4,5,0,1,409
1,2,0,1,417
1,2,0,1,420
3,4,0,1,425
5,4,0,1,427
2,1,0,1,428
2,3,0,1,432
4,3,0,1,434
3,2,0,1,441
1,2,0,1,447
3,2,0,1,448
4,5,0,1,456
4,3,0,1,458
5,4,0,1,463
2,1,0,1,465
2,1,0,1,467
3,2,0,1,468
3,2,0,1,470
1,2,0,1,471
2,3,0,1,475
2,1,0,1,476
3,2,0,1,480
2,1,0,1,483
2,1,0,1,485
5,4,0,1,486
4,5,0,1,489
2,5,0,3,493
2,1,0,1,494
2,1,0,1,502
2,3,0,1,512
2,1,0,1,514
2,3,0,1,517
4,5,0,1,518
5,4,0,1,522
4,3,0,1,523
2,3,0,1,524
3,4,0,1,531
1,2,0,1,538
3,4,0,1,544
1,3,0,2,551
5,4,0,1,552
3,4,0,1,555
1,2,0,1,559
4,5,0,1,569
1,2,0,1,571
5,4,0,1,573
2,1,0,1,577
5,4,0,1,580
5,4,0,1,581
4,5,0,1,588
5,4,0,1,591
2,5,0,3,596
2,1,0,1,600
5,4,0,1,603
4,2,0,2,604
4,3,0,1,605
5,4,0,1,612
3,4,0,1,614
3,5,0,2,617
5,4,0,1,625
2,1,0,1,630
1,2,0,1,632
2,3,0,1,636
3,4,0,1,637
1,3,0,2,638
4,3,0,1,640
3,4,0,1,647
4,5,0,1,651
1,2,0,1,653
2,1,0,1,658
4,3,0,1,659
4,3,0,1,662
3,1,0,2,664
1,2,0,1,669
2,1,0,1,670
2,1,0,1,675
4,5,0,1,677
3,2,0,1,679
4,3,0,1,681
4,5,0,1,682
3,2,0,1,685
4,3,0,1,688
5,4,0,1,690
5,4,0,1,696
2,1,0,1,698
3,2,0,1,699
4,5,0,1,702
1,3,0,2,705
4,5,0,1,706
1,2,0,1,709
3,2,0,1,712
2,3,0,1,714
5,4,0,1,716
1,2,0,1,718
3,4,0,1,723
3,4,0,1,727
5,4,0,1,728
2,3,0,1,732
3,2,0,1,735
3,2,0,1,736
1,2,0,1,738
5,4,0,1,740
4,5,0,1,742
5,4,0,1,745
2,1,0,1,747
4,3,0,1,753
4,3,0,1,754
2,1,0,1,755
1,2,0,1,758
4,5,0,1,759
5,4,0,1,761
4,3,0,1,762
2,1,0,1,763
2,1,0,1,769
4,2,0,2,770
5,4,0,1,775
5,4,0,1,776
4,5,0,1,779
5,4,0,1,780
4,5,0,1,781
2,3,0,1,784
1,3,0,2,786
3,4,0,1,788
2,3,0,1,791
5,4,0,1,792
1,2,0,1,795
4,3,0,1,797
2,1,0,1,799
5,4,0,1,802
5,4,0,1,808
5,4,0,1,811
3,2,0,1,821
4,2,0,2,823
4,5,0,1,826
1,2,0,1,828
2,3,0,1,832
1,2,0,1,833
3,2,0,1,834
4,3,0,1,838
3,2,0,1,839
1,2,0,1,840
1,2,0,1,846
4,5,0,1,851
4,5,0,1,853
2,1,0,1,854
4,5,0,1,855
1,2,0,1,857
1,2,0,1,860
2,1,0,1,863
4,2,0,2,866
4,3,0,1,868
5,4,0,1,879
2,1,0,1,880
5,4,0,1,882
3,4,0,1,887
4,3,0,1,889
3,4,0,1,890
5,4,0,1,898
3,2,0,1,904
2,1,0,1,905
5,3,0,2,908
2,3,0,1,911
1,3,0,2,915
3,4,0,1,916
3,4,0,1,917
1,2,0,1,927
3,4,0,1,934
5,4,0,1,935
2,1,0,1,937
4,3,0,1,938
2,1,0,1,940
3,4,0,1,942
4,5,0,1,945
2,1,0,1,946
4,3,0,1,948
1,2,0,1,951
3,2,0,1,953
3,5,0,2,956
4,5,0,1,962
2,3,0,1,964
3,1,0,2,966
4,5,0,1,968
2,1,0,1,972
3,2,0,1,976
2,1,0,1,979
4,3,0,1,980
5,4,0,1,982
4,5,0,1,989
4,5,0,1,995
2,1,0,1,996
2,1,0,1,998
4,5,0,1,999
4,5,0,1,1004
2,3,0,1,1007
4,5,0,1,1011
4,5,0,1,1016
2,1,0,1,1019
2,1,0,1,1020
4,3,0,1,1022
2,1,0,1,1025
4,3,0,1,1026
4,5,0,1,1029
2,1,0,1,1031
3,4,0,1,1036
2,3,0,1,1040
1,2,0,1,1041
5,4,0,1,1044
1,3,0,2,1045
2,1,0,1,1046
1,4,0,3,1047
4,5,0,1,1048
3,2,0,1,1050
1,2,0,1,1051
1,2,0,1,1058
3,2,0,1,1059
4,5,0,1,1064
4,3,0,1,1066
1,2,0,1,1067
2,1,0,1,1068
3,4,0,1,1070
5,4,0,1,1072
2,1,0,1,1076
3,2,0,1,1087
5,4,0,1,1088
2,1,0,1,1091
3,4,0,1,1092
2,1,0,1,1094
1,2,0,1,1097
1,2,0,1,1099
2,3,0,1,1101
2,1,0,1,1102
5,4,0,1,1105
4,5,0,1,1106
4,3,0,1,1108
5,4,0,1,1110
1,2,0,1,1112
2,1,0,1,1114
2,3,0,1,1115
4,3,0,1,1120
1,2,0,1,1122
3,4,0,1,1123
1,2,0,1,1124
2,3,0,1,1131
5,4,0,1,1133
3,4,0,1,1134
5,4,0,1,1138
2,3,0,1,1140
5,4,0,1,1142
3,2,0,1,1143
2,3,0,1,1145
5,4,0,1,1146
4,5,0,1,1147
2,3,0,1,1150
5,3,0,2,1152
2,3,0,1,1162
5,4,0,1,1165
5,4,0,1,1166
4,5,0,1,1170
4,3,0,1,1171
4,5,0,1,1177
1,2,0,1,1185
4,5,0,1,1186
5,4,0,1,1187
1,2,0,1,1188
3,4,0,1,1190
4,5,0,1,1193
2,3,0,1,1200
4,5,0,1,1205
4,5,0,1,1212
4,5,0,1,1215
1,2,0,1,1224
3,2,0,1,1225
2,1,0,1,1227
5,4,0,1,1228
2,3,0,1,1231
1,2,0,1,1234
3,4,0,1,1235
3,2,0,1,1238
3,4,0,1,1241
4,5,0,1,1242
2,1,0,1,1245
1,2,0,1,1248
2,3,0,1,1249
2,1,0,1,1252
3,4,0,1,1253
2,1,0,1,1255
4,3,0,1,1257
4,3,0,1,1258
1,2,0,1,1259
4,5,0,1,1260
2,3,0,1,1263
3,4,0,1,1264
5,4,0,1,1266
4,5,0,1,1269
4,3,0,1,1271
1,2,0,1,1272
4,3,0,1,1276
4,3,0,1,1279
3,2,0,1,1289
2,3,0,1,1290
1,2,0,1,1299
2,3,0,1,1302
4,3,0,1,1305
3,1,0,2,1308
4,3,0,1,1313
5,4,0,1,1316
2,4,0,2,1322
3,4,0,1,1325
4,5,0,1,1326
2,1,0,1,1328
3,2,0,1,1339
2,3,0,1,1340
3,2,0,1,1341
3,4,0,1,1342
1,2,0,1,1347
1,2,0,1,1352
1,2,0,1,1353
5,4,0,1,1355
3,2,0,1,1364
1,2,0,1,1365
2,1,0,1,1367
1,2,0,1,1371
5,4,0,1,1376
4,3,0,1,1387
3,4,0,1,1390
4,5,0,1,1394
1,2,0,1,1399
5,4,0,1,1401
2,1,0,1,1405
2,3,0,1,1406
3,2,0,1,1412
2,3,0,1,1415
1,2,0,1,1418
4,5,0,1,1419
4,5,0,1,1422
3,2,0,1,1425
5,4,0,1,1427
5,4,0,1,1430
4,5,0,1,1434
4,5,0,1,1435
5,4,0,1,1437
2,1,0,1,1441
5,4,0,1,1447
4,3,0,1,1451
5,4,0,1,1452
3,4,0,1,1461
3,1,0,2,1462
3,4,0,1,1465
3,2,0,1,1468
3,4,0,1,1469
3,4,0,1,1471
4,5,0,1,1475
3,4,0,1,1480
2,1,0,1,1481
5,4,0,1,1484
2,3,0,1,1485
4,3,0,1,1486
1,2,0,1,1492
1,2,0,1,1500
5,4,0,1,1506
2,3,0,1,1507
1,2,0,1,1508
3,4,0,1,1509
5,3,0,2,1510
5,4,0,1,1516
5,3,0,2,1526
2,1,0,1,1529
1,3,0,2,1532
4,5,0,1,1534
4,5,0,1,1535
3,2,0,1,1539
1,2,0,1,1540
2,1,0,1,1542
2,3,0,1,1543
4,5,0,1,1544
5,4,0,1,1547
3,4,0,1,1549
5,4,0,1,1550
4,5,0,1,1562
1,3,0,2,1564
4,5,0,1,1575
3,2,0,1,1578
2,1,0,1,1579
1,2,0,1,1588
1,2,0,1,1590
3,2,0,1,1591
2,3,0,1,1595
3,4,0,1,1596
5,4,0,1,1597
5,4,0,1,1599
5,4,0,1,1601
5,4,0,1,1602
2,1,0,1,1605
2,3,0,1,1608
3,2,0,1,1609
1,2,0,1,1610
4,5,0,1,1612
4,3,0,1,1615
3,2,0,1,1617
2,1,0,1,1618
2,4,0,2,1624
4,3,0,1,1629
2,1,0,1,1631
1,2,0,1,1633
2,1,0,1,1634
3,4,0,1,1635
2,1,0,1,1644
5,4,0,1,1651
3,2,0,1,1653
4,3,0,1,1657
2,1,0,1,1661
5,4,0,1,1665
4,3,0,1,1666
2,1,0,1,1667
3,4,0,1,1669
5,4,0,1,1670
3,4,0,1,1671
3,4,0,1,1674
3,4,0,1,1675
4,5,0,1,1678
2,3,0,1,1684
4,3,0,1,1685
1,2,0,1,1693
5,4,0,1,1699
1,4,0,3,1701
1,3,0,2,1702
4,3,0,1,1705
4,5,0,1,1707
5,4,0,1,1711
1,2,0,1,1714
2,1,0,1,1716
2,1,0,1,1718
2,1,0,1,1719
1,2,0,1,1720
3,1,0,2,1724
3,2,0,1,1726
4,3,0,1,1734
5,4,0,1,1736
1,2,0,1,1742
3,2,0,1,1749
2,1,0,1,1761
2,1,0,1,1764
3,2,0,1,1768
5,4,0,1,1769
3,4,0,1,1770
2,3,0,1,1773
4,3,0,1,1775
4,5,0,1,1779
3,2,0,1,1780
1,2,0,1,1782
2,1,0,1,1783
4,3,0,1,1784
3,2,0,1,1794
5,4,0,1,1795
5,4,0,1,1796
3,4,0,1,1797
4,5,0,1,1800
4,3,0,1,1802
5,4,0,1,1808
1,2,0,1,1809
4,3,0,1,1811
2,3,0,1,1812
3,4,0,1,1816
3,2,0,1,1818
5,4,0,1,1820
1,2,0,1,1822
1,3,0,2,1823
3,4,0,1,1824
4,3,0,1,1830
2,1,0,1,1833
3,4,0,1,1838
3,4,0,1,1839
2,3,0,1,1845
2,3,0,1,1851
4,5,0,1,1866
3,4,0,1,1867
5,4,0,1,1868
2,3,0,1,1870
2,1,0,1,1871
1,2,0,1,1876
3,2,0,1,1881
1,2,0,1,1887
1,2,0,1,1888
4,5,0,1,1889
4,3,0,1,1890
2,1,0,1,1895
3,4,0,1,1896
2,3,0,1,1899
5,3,0,2,1900
2,3,0,1,1908
3,4,0,1,1912
5,4,0,1,1914
3,2,0,1,1918
4,5,0,1,1922
5,4,0,1,1924
5,4,0,1,1928
1,2,0,1,1934
3,4,0,1,1935
1,2,0,1,1936
4,5,0,1,1940
1,2,0,1,1945
5,4,0,1,1947
4,5,0,1,1956
5,4,0,1,1961
3,4,0,1,1967
3,2,0,1,1971
3,4,0,1,1972
3,2,0,1,1975
4,3,0,1,1977
3,4,0,1,1978
4,3,0,1,1980
2,1,0,1,1981
3,4,0,1,1984
2,3,0,1,1985
4,3,0,1,1988
3,2,0,1,1991
2,3,0,1,1993
4,5,0,1,1996
5,4,0,1,1999
2,1,0,1,2006
1,2,0,1,2009
2,1,0,1,2015
3,2,0,1,2023
4,5,0,1,2025
5,4,0,1,2026
3,4,0,1,2028
3,2,0,1,2029
3,4,0,1,2031
5,4,0,1,2033
4,5,0,1,2036
1,2,0,1,2038
2,3,0,1,2040
1,2,0,1,2042
1,2,0,1,2044
4,5,0,1,2047
4,3,0,1,2052
2,3,0,1,2053
4,5,0,1,2060
2,1,0,1,2062
3,2,0,1,2069
4,5,0,1,2074
2,1,0,1,2079
3,1,0,2,2090
3,4,0,1,2094
4,5,0,1,2095
3,2,0,1,2099
3,2,0,1,2105
3,4,0,1,2110
3,2,0,1,2111
2,3,0,1,2114
3,2,0,1,2116
5,4,0,1,2118
2,1,0,1,2119
5,4,0,1,2122
2,3,0,1,2123
3,2,0,1,2126
5,4,0,1,2127
4,5,0,1,2134
1,2,0,1,2136
1,2,0,1,2138
3,5,0,2,2139
1,2,0,1,2142
3,4,0,1,2151
2,3,0,1,2162
4,5,0,1,2168
3,2,0,1,2170
5,4,0,1,2174
2,3,0,1,2175
2,1,0,1,2181
4,5,0,1,2185
5,4,0,1,2187
4,5,0,1,2190
3,2,0,1,2194
2,1,0,1,2196
3,4,0,1,2200
2,3,0,1,2204
3,4,0,1,2206
4,5,0,1,2209
4,5,0,1,2217
2,1,0,1,2222
5,4,0,1,2224
5,4,0,1,2225
4,3,0,1,2235
4,5,0,1,2236
3,1,0,2,2239
3,2,0,1,2242
4,3,0,1,2247
3,4,0,1,2257
4,3,0,1,2259
4,2,0,2,2260
3,4,0,1,2261
1,3,0,2,2267
5,4,0,1,2270
4,5,0,1,2272
4,5,0,1,2274
2,1,0,1,2277
2,3,0,1,2278
2,3,0,1,2280
2,3,0,1,2282
1,2,0,1,2284
2,1,0,1,2285
2,1,0,1,2293
2,3,0,1,2294
4,3,0,1,2304
2,1,0,1,2305
2,3,0,1,2314
2,1,0,1,2315
1,2,0,1,2318
2,3,0,1,2320
4,5,0,1,2322
2,1,0,1,2328
4,5,0,1,2329
3,2,0,1,2331
5,4,0,1,2333
3,4,0,1,2334
2,1,0,1,2336
2,3,0,1,2340
1,2,0,1,2343
3,2,0,1,2347
3,4,0,1,2351
5,4,0,1,2356
2,3,0,1,2357
1,2,0,1,2358
3,4,0,1,2362
1,2,0,1,2364
3,4,0,1,2368
3,4,0,1,2374
5,4,0,1,2375
4,2,0,2,2381
3,4,0,1,2383
4,5,0,1,2386
2,1,0,1,2387
5,4,0,1,2389
3,2,0,1,2394
5,4,0,1,2401
1,2,0,1,2404
3,4,0,1,2406
2,3,0,1,2409
2,1,0,1,2414
4,3,0,1,2415
2,3,0,1,2419
5,4,0,1,2420
1,3,0,2,2424
3,4,0,1,2430
5,4,0,1,2431
2,1,0,1,2432
3,2,0,1,2433
4,3,0,1,2436
3,2,0,1,2438
5,2,0,3,2440
2,1,0,1,2441
5,4,0,1,2442
2,1,0,1,2445
3,4,0,1,2447
2,1,0,1,2450
3,4,0,1,2454
4,5,0,1,2461
3,2,0,1,2467
2,1,0,1,2468
3,2,0,1,2469
2,1,0,1,2472
2,1,0,1,2473
3,2,0,1,2474
4,5,0,1,2478
3,4,0,1,2479
5,4,0,1,2480
1,2,0,1,2481
5,4,0,1,2482
3,2,0,1,2489
5,4,0,1,2495
4,3,0,1,2496
3,4,0,1,2500
4,5,0,1,2502
3,4,0,1,2503
4,5,0,1,2506
4,3,0,1,2509
4,5,0,1,2510
2,1,0,1,2512
2,1,0,1,2513
5,4,0,1,2516
5,4,0,1,2517
5,4,0,1,2518
5,4,0,1,2520
3,2,0,1,2523
1,2,0,1,2526
5,4,0,1,2528
3,2,0,1,2533
2,1,0,1,2536
3,2,0,1,2537
3,1,0,2,2538
2,3,0,1,2539
3,2,0,1,2540
5,4,0,1,2543
2,1,0,1,2545
1,2,0,1,2546
2,1,0,1,2547
4,3,0,1,2552
3,2,0,1,2554
4,3,0,1,2560
3,4,0,1,2562
2,1,0,1,2569
4,5,0,1,2572
4,5,0,1,2575
4,5,0,1,2577
3,2,0,1,2580
1,5,0,4,2584
3,2,0,1,2585
3,4,0,1,2587
4,5,0,1,2590
2,1,0,1,2591
4,5,0,1,2592
3,4,0,1,2594
2,5,0,3,2595
3,2,0,1,2596
2,3,0,1,2599
2,1,0,1,2602
1,2,0,1,2603
2,3,0,1,2606
3,4,0,1,2607
3,4,0,1,2608
2,1,0,1,2610
1,2,0,1,2616
3,2,0,1,2621
5,4,0,1,2625
5,4,0,1,2626
2,3,0,1,2632
1,2,0,1,2637
3,1,0,2,2638
4,5,0,1,2642
5,4,0,1,2646
5,4,0,1,2648
2,3,0,1,2650
3,4,0,1,2655
2,3,0,1,2656
4,5,0,1,2658
3,1,0,2,2660
3,4,0,1,2677
2,3,0,1,2678
5,2,0,3,2681
3,2,0,1,2684
2,1,0,1,2685
1,2,0,1,2688
4,5,0,1,2689
4,5,0,1,2690
4,3,0,1,2693
1,2,0,1,2700
1,2,0,1,2705
5,4,0,1,2708
4,3,0,1,2709
4,3,0,1,2712
2,1,0,1,2719
1,2,0,1,2726
4,5,0,1,2731
1,2,0,1,2736
5,4,0,1,2738
4,5,0,1,2739
4,5,0,1,2742
2,3,0,1,2744
3,2,0,1,2746
4,5,0,1,2748
1,2,0,1,2752
2,1,0,1,2754
1,2,0,1,2756
3,4,0,1,2760
5,4,0,1,2762
2,3,0,1,2763
3,2,0,1,2764
3,2,0,1,2765
4,5,0,1,2766
3,2,0,1,2767
5,4,0,1,2769
4,5,0,1,2771
1,2,0,1,2776
3,2,0,1,2779
2,3,0,1,2781
2,1,0,1,2783
4,5,0,1,2784
3,2,0,1,2786
2,3,0,1,2788
5,4,0,1,2798
5,4,0,1,2801
4,5,0,1,2803
2,1,0,1,2806
1,2,0,1,2807
4,5,0,1,2819
1,2,0,1,2829
3,2,0,1,2832
2,3,0,1,2836
1,2,0,1,2841
1,2,0,1,2844
1,2,0,1,2851
1,2,0,1,2852
2,1,0,1,2853
4,3,0,1,2855
3,2,0,1,2856
5,4,0,1,2859
5,4,0,1,2860
3,4,0,1,2861
5,4,0,1,2862
1,2,0,1,2870
4,3,0,1,2872
3,4,0,1,2877
2,1,0,1,2879
1,2,0,1,2882
1,3,0,2,2889
2,3,0,1,2891
2,1,0,1,2893
5,4,0,1,2896
5,4,0,1,2898
4,5,0,1,2904
4,3,0,1,2906
4,5,0,1,2908
2,3,0,1,2912
2,3,0,1,2914
5,4,0,1,2915
4,5,0,1,2917
4,3,0,1,2918
2,3,0,1,2919
3,4,0,1,2923
3,2,0,1,2924
5,4,0,1,2925
3,2,0,1,2929
2,1,0,1,2933
2,1,0,1,2940
4,5,0,1,2942
4,5,0,1,2943
3,4,0,1,2946
1,2,0,1,2947
3,2,0,1,2948
2,1,0,1,2950
5,4,0,1,2952
5,3,0,2,2954
4,5,0,1,2955
2,1,0,1,2958
2,1,0,1,2959
5,4,0,1,2960
1,2,0,1,2968
2,3,0,1,2971
3,4,0,1,2977
2,3,0,1,2980
1,2,0,1,2985
4,3,0,1,2986
3,2,0,1,2987
3,2,0,1,2989
2,1,0,1,2990
3,4,0,1,2997
2,3,0,1,2998
4,5,0,1,3001
2,3,0,1,3004
1,2,0,1,3006
3,4,0,1,3008
2,3,0,1,3012
4,5,0,1,3014
4,5,0,1,3016
4,5,0,1,3017
4,3,0,1,3021
5,4,0,1,3022
3,4,0,1,3036
3,4,0,1,3037
1,2,0,1,3039
2,1,0,1,3044
2,3,0,1,3049
1,2,0,1,3050
2,3,0,1,3053
3,4,0,1,3054
3,4,0,1,3055
4,5,0,1,3057
2,1,0,1,3059
4,5,0,1,3064
4,3,0,1,3065
2,1,0,1,3068
5,4,0,1,3070
4,5,0,1,3072
3,4,0,1,3075
2,3,0,1,3076
3,4,0,1,3080
4,5,0,1,3084
1,2,0,1,3088
5,4,0,1,3093
5,4,0,1,3098
4,2,0,2,3102
2,1,0,1,3107
4,5,0,1,3110
2,3,0,1,3111
3,2,0,1,3114
1,2,0,1,3115
3,4,0,1,3123
3,4,0,1,3124
4,5,0,1,3128
2,3,0,1,3130
1,3,0,2,3132
5,4,0,1,3136
4,3,0,1,3137
1,2,0,1,3141
2,3,0,1,3143
1,2,0,1,3146
1,2,0,1,3147
1,2,0,1,3150
5,4,0,1,3151
3,4,0,1,3157
3,2,0,1,3158
4,3,0,1,3160
2,1,0,1,3161
1,2,0,1,3168
2,1,0,1,3170
2,1,0,1,3172
1,2,0,1,3175
4,3,0,1,3181
5,4,0,1,3182
2,1,0,1,3190
1,2,0,1,3191
3,2,0,1,3192
5,4,0,1,3196
1,2,0,1,3198
3,4,0,1,3199
1,2,0,1,3201
2,1,0,1,3206
1,2,0,1,3207
4,5,0,1,3208
4,3,0,1,3210
3,4,0,1,3211
4,2,0,2,3213
1,2,0,1,3215
4,5,0,1,3218
2,1,0,1,3223
5,4,0,1,3228
4,2,0,2,3229
5,4,0,1,3230
3,4,0,1,3237
5,4,0,1,3242
2,1,0,1,3243
5,4,0,1,3246
4,5,0,1,3249
2,3,0,1,3250
4,3,0,1,3251
4,5,0,1,3254
4,5,0,1,3264
2,3,0,1,3265
2,1,0,1,3268
2,1,0,1,3270
2,1,0,1,3271
4,3,0,1,3272
5,4,0,1,3274
2,3,0,1,3278
1,2,0,1,3279
4,5,0,1,3286
3,4,0,1,3290
3,1,0,2,3301
1,2,0,1,3302
1,2,0,1,3305
3,2,0,1,3309
1,2,0,1,3310
3,2,0,1,3313
1,2,0,1,3316
3,2,0,1,3320
5,4,0,1,3323
3,1,0,2,3326
4,5,0,1,3328
3,1,0,2,3332
3,1,0,2,3337
3,4,0,1,3338
1,2,0,1,3344
5,4,0,1,3346
4,3,0,1,3349
4,3,0,1,3355
5,4,0,1,3356
2,1,0,1,3358
2,3,0,1,3359
4,5,0,1,3367
1,2,0,1,3368
2,3,0,1,3370
5,4,0,1,3371
3,4,0,1,3376
2,3,0,1,3377
4,3,0,1,3386
2,4,0,2,3387
5,4,0,1,3389
3,2,0,1,3390
5,4,0,1,3391
4,5,0,1,3396
3,2,0,1,3397
5,4,0,1,3399
3,4,0,1,3401
3,2,0,1,3403
3,2,0,1,3407
3,4,0,1,3408
2,1,0,1,3412
1,2,0,1,3417
5,4,0,1,3418
4,5,0,1,3419
3,2,0,1,3421
3,2,0,1,3427
2,3,0,1,3428
4,3,0,1,3429
4,3,0,1,3439
1,2,0,1,3443
3,4,0,1,3450
2,1,0,1,3451
3,4,0,1,3454
2,3,0,1,3456
1,2,0,1,3458
1,2,0,1,3460
2,1,0,1,3461
2,1,0,1,3462
4,5,0,1,3464
5,4,0,1,3466
3,4,0,1,3471
2,3,0,1,3473
4,3,0,1,3480
4,5,0,1,3483
2,3,0,1,3485
4,5,0,1,3490
4,5,0,1,3496
4,5,0,1,3502
5,4,0,1,3505
4,3,0,1,3507
3,2,0,1,3509
1,2,0,1,3511
5,4,0,1,3512
5,4,0,1,3515
2,3,0,1,3516
1,2,0,1,3523
3,2,0,1,3524
3,2,0,1,3525
2,4,0,2,3526
4,5,0,1,3530
3,4,0,1,3531
1,3,0,2,3533
4,5,0,1,3534
1,2,0,1,3535
5,4,0,1,3536
3,1,0,2,3537
2,1,0,1,3539
2,1,0,1,3541
2,3,0,1,3545
5,4,0,1,3546
2,1,0,1,3549
2,1,0,1,3551
3,2,0,1,3554
1,2,0,1,3564
1,2,0,1,3571
2,3,0,1,3572
2,1,0,1,3586
3,4,0,1,3589
4,5,0,1,3591
2,1,0,1,3594
3,2,0,1,3595
5,4,0,1,3596
1,2,0,1,3598
4,5,0,1,3600
5,4,0,1,3604
5,3,0,2,3606
1,2,0,1,3609
1,2,0,1,3613
1,2,0,1,3615
1,2,0,1,3622
2,1,0,1,3623
4,5,0,1,3629
2,3,0,1,3633
4,5,0,1,3638
2,1,0,1,3639
2,3,0,1,3645
4,3,0,1,3648
2,3,0,1,3649
4,5,0,1,3650
3,4,0,1,3651
2,1,0,1,3658
4,3,0,1,3659
3,4,0,1,3663
4,5,0,1,3665
4,3,0,1,3666
1,2,0,1,3669
5,4,0,1,3672
1,2,0,1,3675
2,1,0,1,3677
4,5,0,1,3678
2,1,0,1,3680
1,2,0,1,3682
1,2,0,1,3684
1,2,0,1,3688
1,2,0,1,3691
2,1,0,1,3692
4,5,0,1,3694
1,2,0,1,3698
5,4,0,1,3700
5,4,0,1,3701
2,1,0,1,3707
1,2,0,1,3710
1,2,0,1,3711
3,2,0,1,3714
2,1,0,1,3717
2,4,0,2,3718
2,1,0,1,3720
4,3,0,1,3721
5,4,0,1,3722
3,2,0,1,3723
4,5,0,1,3724
4,5,0,1,3727
3,2,0,1,3731
3,2,0,1,3734
3,2,0,1,3735
2,3,0,1,3736
1,2,0,1,3741
3,4,0,1,3742
4,3,0,1,3744
3,2,0,1,3748
1,2,0,1,3751
2,3,0,1,3756
3,2,0,1,3761
1,2,0,1,3763
3,4,0,1,3768
4,5,0,1,3769
4,3,0,1,3775
4,3,0,1,3779
3,1,0,2,3786
5,4,0,1,3795
4,3,0,1,3796
5,4,0,1,3804
3,4,0,1,3805
4,3,0,1,3814
2,3,0,1,3815
3,2,0,1,3816
4,5,0,1,3817
5,4,0,1,3818
5,4,0,1,3820
1,3,0,2,3823
3,2,0,1,3828
2,1,0,1,3837
2,1,0,1,3840
1,2,0,1,3841
4,5,0,1,3842
5,4,0,1,3843
3,2,0,1,3846
1,2,0,1,3852
2,1,0,1,3854
2,3,0,1,3855
4,3,0,1,3863
5,4,0,1,3864
2,1,0,1,3868
1,2,0,1,3876
4,5,0,1,3879
3,2,0,1,3882
4,3,0,1,3884
3,2,0,1,3885
2,3,0,1,3886
3,2,0,1,3889
3,2,0,1,3891
1,2,0,1,3897
2,3,0,1,3899
4,2,0,2,3908
4,5,0,1,3909
3,4,0,1,3910
1,2,0,1,3914
1,2,0,1,3917
3,4,0,1,3918
5,4,0,1,3921
5,3,0,2,3923
4,5,0,1,3929
4,3,0,1,3931
3,2,0,1,3935
3,1,0,2,3938
1,3,0,2,3940
5,4,0,1,3941
3,4,0,1,3942
2,1,0,1,3944
1,5,0,4,3945
3,1,0,2,3949
5,4,0,1,3950
2,1,0,1,3958
2,1,0,1,3959
5,4,0,1,3967
2,1,0,1,3980
2,4,0,2,3982
3,1,0,2,3985
2,3,0,1,3987
1,2,0,1,3991
2,3,0,1,3993
1,2,0,1,3997
2,1,0,1,4004
2,1,0,1,4008
4,3,0,1,4009
2,1,0,1,4010
2,1,0,1,4012
5,4,0,1,4013
4,3,0,1,4014
4,5,0,1,4019
4,5,0,1,4020
1,2,0,1,4021
2,1,0,1,4025
1,2,0,1,4029
3,2,0,1,4033
5,4,0,1,4036
3,1,0,2,4038
4,5,0,1,4039
2,3,0,1,4043
2,3,0,1,4046
1,2,0,1,4047
5,4,0,1,4055
3,2,0,1,4056
2,3,0,1,4057
3,4,0,1,4060
2,1,0,1,4064
2,1,0,1,4069
1,2,0,1,4070
5,4,0,1,4072
4,5,0,1,4074
2,1,0,1,4083
4,5,0,1,4086
3,2,0,1,4089
1,2,0,1,4090
4,3,0,1,4091
2,1,0,1,4094
2,3,0,1,4095
2,1,0,1,4098
4,5,0,1,4106
3,4,0,1,4108
3,4,0,1,4109
2,1,0,1,4111
3,4,0,1,4113
2,1,0,1,4114
5,4,0,1,4117
2,3,0,1,4125
2,3,0,1,4129
2,3,0,1,4130
2,1,0,1,4131
5,4,0,1,4135
4,5,0,1,4137
3,2,0,1,4139
2,3,0,1,4143
1,2,0,1,4147
4,5,0,1,4149
1,2,0,1,4150
1,2,0,1,4152
2,4,0,2,4155
4,5,0,1,4157
4,5,0,1,4159
2,1,0,1,4163
2,3,0,1,4164
4,5,0,1,4166
2,1,0,1,4168
2,3,0,1,4169
3,4,0,1,4170
4,5,0,1,4174
4,5,0,1,4181
4,3,0,1,4182
5,4,0,1,4183
4,5,0,1,4184
2,3,0,1,4185
2,3,0,1,4187
5,4,0,1,4195
4,5,0,1,4197
5,4,0,1,4199
2,1,0,1,4200
3,2,0,1,4201
1,2,0,1,4203
5,4,0,1,4204
3,4,0,1,4206
4,3,0,1,4208
3,4,0,1,4213
2,1,0,1,4217
2,3,0,1,4219
5,4,0,1,4220
1,2,0,1,4221
4,5,0,1,4224
4,5,0,1,4229
4,5,0,1,4236
5,4,0,1,4242
3,2,0,1,4243
3,4,0,1,4244
4,5,0,1,4251
3,2,0,1,4253
4,3,0,1,4255
4,3,0,1,4258
4,5,0,1,4259
5,4,0,1,4266
4,5,0,1,4274
3,4,0,1,4280
3,2,0,1,4288
2,1,0,1,4289
2,1,0,1,4290
5,4,0,1,4295
3,2,0,1,4296
3,2,0,1,4297
3,1,0,2,4298
5,4,0,1,4301
1,2,0,1,4310
3,4,0,1,4317
5,4,0,1,4319
4,5,0,1,4322
3,2,0,1,4323
1,2,0,1,4324
2,1,0,1,4325
3,2,0,1,4328
2,1,0,1,4331
2,1,0,1,4333
3,2,0,1,4334
2,3,0,1,4335
5,4,0,1,4337
4,5,0,1,4339
4,3,0,1,4344
1,2,0,1,4346
3,2,0,1,4348
4,5,0,1,4352
2,3,0,1,4355
2,1,0,1,4358
5,4,0,1,4361
3,4,0,1,4362
4,5,0,1,4366
2,3,0,1,4372
1,2,0,1,4375
1,2,0,1,4376
3,4,0,1,4380
3,2,0,1,4382
3,2,0,1,4385
1,2,0,1,4387
2,1,0,1,4393
3,2,0,1,4398
4,5,0,1,4399
4,5,0,1,4401
2,1,0,1,4402
2,1,0,1,4405
1,2,0,1,4406
4,3,0,1,4408
3,4,0,1,4416
5,4,0,1,4420
5,1,0,4,4422
3,2,0,1,4433
3,4,0,1,4436
2,3,0,1,4437
4,5,0,1,4449
1,2,0,1,4452
2,3,0,1,4453
3,5,0,2,4459
4,5,0,1,4460
4,5,0,1,4467
2,1,0,1,4468
1,2,0,1,4469
2,1,0,1,4471
4,5,0,1,4472
5,4,0,1,4473
2,1,0,1,4474
1,2,0,1,4476
1,2,0,1,4477
3,2,0,1,4478
2,3,0,1,4481
2,1,0,1,4484
3,4,0,1,4486
4,5,0,1,4489
4,5,0,1,4492
3,2,0,1,4494
5,4,0,1,4496
4,3,0,1,4497
4,3,0,1,4498
5,4,0,1,4500
1,2,0,1,4502
3,2,0,1,4506
3,5,0,2,4507
5,4,0,1,4508
4,3,0,1,4516
4,5,0,1,4517
4,5,0,1,4523
4,5,0,1,4525
1,2,0,1,4534
2,3,0,1,4538
2,1,0,1,4539
3,4,0,1,4540
2,1,0,1,4541
3,2,0,1,4542
2,1,0,1,4545
4,5,0,1,4549
2,1,0,1,4550
5,4,0,1,4551
2,3,0,1,4554
5,4,0,1,4557
3,2,0,1,4558
4,5,0,1,4560
3,2,0,1,4562
2,1,0,1,4565
4,5,0,1,4566
3,2,0,1,4567
4,5,0,1,4568
3,4,0,1,4569
4,3,0,1,4570
2,3,0,1,4571
3,4,0,1,4573
3,4,0,1,4577
3,2,0,1,4578
5,4,0,1,4580
1,2,0,1,4583
3,2,0,1,4589
2,1,0,1,4590
4,5,0,1,4592
4,5,0,1,4593
4,3,0,1,4601
2,1,0,1,4606
4,5,0,1,4607
3,4,0,1,4611
4,3,0,1,4613
3,4,0,1,4614
4,5,0,1,4618
5,4,0,1,4623
3,4,0,1,4624
4,3,0,1,4626
3,4,0,1,4633
5,4,0,1,4635
2,3,0,1,4639
3,2,0,1,4644
5,4,0,1,4652
1,2,0,1,4653
1,2,0,1,4655
4,5,0,1,4660
3,4,0,1,4662
5,4,0,1,4667
2,3,0,1,4674
3,4,0,1,4678
2,1,0,1,4682
5,4,0,1,4686
3,2,0,1,4694
1,2,0,1,4699
4,3,0,1,4700
4,5,0,1,4701
5,1,0,4,4704
2,3,0,1,4707
2,3,0,1,4712
4,2,0,2,4713
2,1,0,1,4715
4,5,0,1,4716
4,3,0,1,4717
3,2,0,1,4721
4,3,0,1,4723
3,2,0,1,4729
1,2,0,1,4730
3,2,0,1,4732
2,3,0,1,4740
3,2,0,1,4749
1,2,0,1,4752
1,2,0,1,4753
4,5,0,1,4757
4,3,0,1,4761
1,2,0,1,4768
2,1,0,1,4770
3,2,0,1,4773
2,3,0,1,4777
1,2,0,1,4784
1,2,0,1,4786
4,3,0,1,4787
4,3,0,1,4788
3,2,0,1,4790
2,1,0,1,4791
2,1,0,1,4794
3,2,0,1,4796
4,5,0,1,4797
2,3,0,1,4802
3,2,0,1,4809
5,4,0,1,4812
4,5,0,1,4813
2,3,0,1,4816
4,5,0,1,4817
2,1,0,1,4818
1,2,0,1,4820
3,4,0,1,4822
2,1,0,1,4828
5,4,0,1,4838
2,3,0,1,4848
5,4,0,1,4855
2,1,0,1,4856
3,4,0,1,4857
3,2,0,1,4858
2,1,0,1,4860
2,1,0,1,4861
4,3,0,1,4870
2,1,0,1,4871
4,5,0,1,4877
2,1,0,1,4882
4,5,0,1,4884
4,5,0,1,4890
1,2,0,1,4892
2,1,0,1,4895
2,1,0,1,4900
4,5,0,1,4901
3,2,0,1,4907
4,5,0,1,4908
4,3,0,1,4913
2,1,0,1,4917
3,4,0,1,4918
3,4,0,1,4921
3,4,0,1,4923
2,3,0,1,4927
5,4,0,1,4929
3,4,0,1,4930
4,5,0,1,4933
5,4,0,1,4934
2,1,0,1,4935
2,1,0,1,4936
4,3,0,1,4937
3,2,0,1,4938
2,4,0,2,4939
2,1,0,1,4943
1,2,0,1,4956
4,5,0,1,4959
2,1,0,1,4967
2,3,0,1,4974
4,3,0,1,4975
2,1,0,1,4976
2,3,0,1,4977
1,2,0,1,4978
3,2,0,1,4983
3,4,0,1,4984
2,1,0,1,4987
3,4,0,1,4991
3,2,0,1,5003
1,3,0,2,5011
4,5,0,1,5012
2,1,0,1,5020
2,3,0,1,5021
5,4,0,1,5022
4,5,0,1,5034
4,3,0,1,5038
1,2,0,1,5040
1,2,0,1,5042
1,2,0,1,5044
2,3,0,1,5047
2,3,0,1,5048
2,3,0,1,5049
1,2,0,1,5051
3,4,0,1,5057
4,5,0,1,5060
3,4,0,1,5065
3,2,0,1,5067
3,2,0,1,5070
3,2,0,1,5071
2,3,0,1,5072
1,2,0,1,5077
5,4,0,1,5078
3,2,0,1,5079
4,3,0,1,5080
2,1,0,1,5081
4,5,0,1,5083
3,5,0,2,5086
3,2,0,1,5092
2,3,0,1,5093
1,2,0,1,5095
4,5,0,1,5096
4,5,0,1,5097
1,2,0,1,5100
2,3,0,1,5101
4,3,0,1,5102
2,1,0,1,5104
1,2,0,1,5106
2,1,0,1,5114
1,2,0,1,5115
2,1,0,1,5116
2,4,0,2,5119
4,3,0,1,5125
1,2,0,1,5127
2,1,0,1,5129
1,2,0,1,5132
3,4,0,1,5133
3,2,0,1,5134
5,3,0,2,5135
4,5,0,1,5137
4,3,0,1,5139
2,3,0,1,5141
3,2,0,1,5144
2,1,0,1,5147
4,5,0,1,5148
1,2,0,1,5150
2,1,0,1,5151
5,4,0,1,5156
5,4,0,1,5162
4,3,0,1,5167
5,4,0,1,5170
4,3,0,1,5172
3,4,0,1,5173
3,2,0,1,5175
3,4,0,1,5183
1,2,0,1,5184
2,3,0,1,5186
4,3,0,1,5187
3,4,0,1,5188
4,5,0,1,5189
1,2,0,1,5190
3,4,0,1,5199
3,4,0,1,5204
2,1,0,1,5206
4,5,0,1,5208
4,3,0,1,5213
2,1,0,1,5215
1,2,0,1,5218
4,3,0,1,5223
3,2,0,1,5224
1,3,0,2,5226
3,4,0,1,5228
1,2,0,1,5237
5,3,0,2,5242
1,2,0,1,5243
4,3,0,1,5244
4,5,0,1,5245
3,2,0,1,5248
4,5,0,1,5257
5,4,0,1,5260
3,4,0,1,5265
2,4,0,2,5266
2,1,0,1,5267
2,1,0,1,5278
3,2,0,1,5283
3,4,0,1,5285
1,2,0,1,5286
4,3,0,1,5287
3,2,0,1,5288
4,5,0,1,5290
5,4,0,1,5292
3,4,0,1,5293
3,2,0,1,5294
4,3,0,1,5297
3,2,0,1,5300
1,2,0,1,5308
4,3,0,1,5316
4,3,0,1,5319
1,2,0,1,5321
1,3,0,2,5326
1,2,0,1,5328
3,2,0,1,5331
4,3,0,1,5333
3,2,0,1,5335
4,3,0,1,5337
1,2,0,1,5341
1,3,0,2,5343
3,2,0,1,5347
5,4,0,1,5348
2,1,0,1,5354
5,4,0,1,5355
3,4,0,1,5357
3,2,0,1,5360
2,1,0,1,5361
2,3,0,1,5365
5,4,0,1,5366
4,5,0,1,5369
5,4,0,1,5371
5,4,0,1,5373
3,2,0,1,5376
1,2,0,1,5379
1,2,0,1,5389
4,5,0,1,5395
4,5,0,1,5396
3,4,0,1,5402
5,4,0,1,5410
1,2,0,1,5412
1,2,0,1,5413
2,1,0,1,5424
1,2,0,1,5425
3,2,0,1,5429
5,4,0,1,5432
5,4,0,1,5433
3,2,0,1,5443
2,3,0,1,5444
4,3,0,1,5445
3,4,0,1,5451
5,4,0,1,5452
4,5,0,1,5454
2,1,0,1,5455
5,4,0,1,5457
2,3,0,1,5460
1,2,0,1,5461
2,1,0,1,5466
2,1,0,1,5468
1,2,0,1,5471
3,2,0,1,5476
2,1,0,1,5482
2,1,0,1,5483
1,2,0,1,5485
5,4,0,1,5494
4,5,0,1,5497
2,4,0,2,5498
3,4,0,1,5499
3,4,0,1,5501
2,3,0,1,5502
5,4,0,1,5504
4,3,0,1,5508
2,1,0,1,5510
4,5,0,1,5511
2,3,0,1,5512
1,2,0,1,5515
2,3,0,1,5516
4,5,0,1,5521
3,4,0,1,5524
1,2,0,1,5530
2,1,0,1,5534
5,2,0,3,5535
2,1,0,1,5538
2,1,0,1,5540
2,3,0,1,5541
2,3,0,1,5543
5,4,0,1,5547
2,3,0,1,5548
3,4,0,1,5549
3,2,0,1,5550
2,1,0,1,5553
1,2,0,1,5554
4,3,0,1,5555
5,4,0,1,5559
1,2,0,1,5566
2,1,0,1,5568
3,2,0,1,5573
3,4,0,1,5575
3,2,0,1,5577
2,1,0,1,5584
3,4,0,1,5587
3,2,0,1,5589
3,2,0,1,5592
2,3,0,1,5596
2,3,0,1,5598
5,4,0,1,5603
2,4,0,2,5606
4,5,0,1,5609
3,2,0,1,5613
2,3,0,1,5614
2,1,0,1,5615
1,2,0,1,5616
2,3,0,1,5619
3,2,0,1,5621
2,3,0,1,5622
1,2,0,1,5624
5,4,0,1,5628
5,4,0,1,5631
1,2,0,1,5632
1,2,0,1,5634
2,1,0,1,5636
4,3,0,1,5637
3,2,0,1,5639
2,1,0,1,5643
5,3,0,2,5645
2,3,0,1,5656
2,1,0,1,5657
4,3,0,1,5661
2,1,0,1,5662
2,3,0,1,5664
5,4,0,1,5665
3,2,0,1,5666
2,1,0,1,5672
4,5,0,1,5677
5,4,0,1,5686
1,2,0,1,5688
4,2,0,2,5689
2,3,0,1,5692
3,2,0,1,5693
2,3,0,1,5695
3,2,0,1,5696
1,3,0,2,5698
5,3,0,2,5700
1,2,0,1,5701
4,5,0,1,5703
1,2,0,1,5704
4,3,0,1,5705
2,3,0,1,5715
4,5,0,1,5716
5,4,0,1,5718
5,4,0,1,5719
3,2,0,1,5721
3,4,0,1,5722
2,3,0,1,5723
4,3,0,1,5725
1,2,0,1,5729
5,4,0,1,5732
1,2,0,1,5736
5,4,0,1,5738
5,4,0,1,5744
1,2,0,1,5745
3,2,0,1,5746
3,4,0,1,5747
3,4,0,1,5751
4,5,0,1,5753
3,2,0,1,5756
2,1,0,1,5757
1,2,0,1,5760
2,1,0,1,5761
5,4,0,1,5765
5,4,0,1,5766
1,2,0,1,5771
2,3,0,1,5774
2,1,0,1,5775
3,4,0,1,5777
5,4,0,1,5778
4,3,0,1,5780
4,5,0,1,5781
4,3,0,1,5783
2,1,0,1,5788
5,4,0,1,5792
5,4,0,1,5796
3,1,0,2,5798
3,2,0,1,5799
3,2,0,1,5802
5,4,0,1,5810
5,4,0,1,5814
3,4,0,1,5815
3,2,0,1,5819
2,3,0,1,5820
3,2,0,1,5822
1,2,0,1,5825
3,2,0,1,5829
3,4,0,1,5832
3,2,0,1,5833
4,5,0,1,5835
3,2,0,1,5837
2,1,0,1,5840
3,2,0,1,5841
5,4,0,1,5842
2,3,0,1,5843
2,3,0,1,5844
1,2,0,1,5846
3,2,0,1,5850
3,2,0,1,5851
2,3,0,1,5852
2,3,0,1,5868
3,2,0,1,5870
3,5,0,2,5872
4,5,0,1,5873
1,2,0,1,5875
5,4,0,1,5878
4,5,0,1,5881
2,3,0,1,5882
3,2,0,1,5893
2,4,0,2,5899
3,2,0,1,5904
3,2,0,1,5917
4,3,0,1,5920
5,4,0,1,5924
1,2,0,1,5925
5,4,0,1,5926
2,3,0,1,5928
2,3,0,1,5933
1,2,0,1,5939
4,3,0,1,5941
4,5,0,1,5942
1,2,0,1,5948
2,3,0,1,5949
1,2,0,1,5951
2,1,0,1,5953
3,1,0,2,5954
2,1,0,1,5957
4,3,0,1,5960
4,5,0,1,5963
3,2,0,1,5966
2,1,0,1,5976
3,4,0,1,5991
2,1,0,1,5995
5,4,0,1,5996
1,2,0,1,5998
2,3,0,1,6000
3,2,0,1,6003
2,1,0,1,6005
2,3,0,1,6009
4,3,0,1,6010
3,2,0,1,6013
2,1,0,1,6015
3,2,0,1,6016
2,1,0,1,6024
2,1,0,1,6026
4,3,0,1,6033
4,5,0,1,6035
4,5,0,1,6036
1,2,0,1,6038
4,5,0,1,6040
2,1,0,1,6042
3,2,0,1,6044
3,4,0,1,6046
1,2,0,1,6048
5,4,0,1,6049
2,3,0,1,6057
4,5,0,1,6059
4,3,0,1,6066
2,3,0,1,6069
2,1,0,1,6070
2,1,0,1,6071
2,3,0,1,6073
1,2,0,1,6078
4,5,0,1,6081
3,4,0,1,6087
2,3,0,1,6089
1,2,0,1,6092
2,3,0,1,6096
1,2,0,1,6097
3,5,0,2,6098
1,2,0,1,6100
5,4,0,1,6102
2,1,0,1,6107
3,4,0,1,6108
3,2,0,1,6109
2,1,0,1,6111
2,3,0,1,6118
4,3,0,1,6132
1,2,0,1,6135
4,5,0,1,6137
2,1,0,1,6144
4,5,0,1,6147
1,3,0,2,6151
2,3,0,1,6152
1,2,0,1,6154
2,1,0,1,6163
1,2,0,1,6164
5,4,0,1,6167
2,3,0,1,6169
5,4,0,1,6170
4,3,0,1,6176
3,2,0,1,6178
5,4,0,1,6183
2,1,0,1,6185
2,3,0,1,6187
3,2,0,1,6189
5,4,0,1,6190
2,1,0,1,6192
2,1,0,1,6196
2,1,0,1,6197
1,3,0,2,6205
3,4,0,1,6206
4,5,0,1,6210
1,2,0,1,6211
3,2,0,1,6212
4,5,0,1,6213
3,2,0,1,6220
2,1,0,1,6229
1,2,0,1,6230
1,2,0,1,6235
3,2,0,1,6238
5,4,0,1,6241
5,4,0,1,6243
1,2,0,1,6247
5,4,0,1,6250
4,5,0,1,6254
2,1,0,1,6255
4,5,0,1,6258
3,2,0,1,6260
2,1,0,1,6266
3,2,0,1,6268
3,4,0,1,6270
5,4,0,1,6272
1,2,0,1,6281
4,2,0,2,6285
4,3,0,1,6286
4,5,0,1,6291
2,1,0,1,6294
3,2,0,1,6298
1,2,0,1,6301
4,5,0,1,6315
3,4,0,1,6319
3,2,0,1,6321
1,2,0,1,6327
3,2,0,1,6337
4,5,0,1,6338
3,4,0,1,6342
3,2,0,1,6347
5,4,0,1,6348
3,2,0,1,6350
4,3,0,1,6352
1,3,0,2,6358
4,5,0,1,6365
4,5,0,1,6369
3,5,0,2,6371
3,1,0,2,6382
3,4,0,1,6386
3,2,0,1,6388
4,5,0,1,6391
1,2,0,1,6395
2,1,0,1,6399
1,2,0,1,6401
4,5,0,1,6404
3,2,0,1,6405
4,3,0,1,6406
5,4,0,1,6408
2,1,0,1,6412
5,4,0,1,6415
4,5,0,1,6416
3,2,0,1,6418
2,1,0,1,6422
2,1,0,1,6424
5,4,0,1,6425
4,3,0,1,6430
4,3,0,1,6432
2,3,0,1,6435
1,2,0,1,6439
5,4,0,1,6441
4,3,0,1,6443
2,1,0,1,6445
1,2,0,1,6446
4,5,0,1,6448
5,4,0,1,6451
4,3,0,1,6453
1,2,0,1,6456
3,2,0,1,6457
1,2,0,1,6463
2,1,0,1,6465
3,2,0,1,6470
1,2,0,1,6472
4,2,0,2,6473
4,3,0,1,6474
5,4,0,1,6475
3,4,0,1,6483
3,4,0,1,6488
1,3,0,2,6489
4,5,0,1,6490
5,4,0,1,6492
2,1,0,1,6493
2,1,0,1,6494
4,3,0,1,6498
4,5,0,1,6499
2,3,0,1,6501
5,4,0,1,6505
5,4,0,1,6507
5,4,0,1,6513
5,4,0,1,6518
2,3,0,1,6521
2,3,0,1,6522
5,4,0,1,6524
4,3,0,1,6526
3,4,0,1,6528
2,1,0,1,6530
1,2,0,1,6532
2,1,0,1,6537
2,3,0,1,6539
5,4,0,1,6541
5,4,0,1,6543
3,4,0,1,6549
2,1,0,1,6555
3,4,0,1,6558
3,2,0,1,6559
1,3,0,2,6560
5,4,0,1,6566
2,3,0,1,6567
4,5,0,1,6569
3,4,0,1,6571
3,2,0,1,6578
3,4,0,1,6580
1,2,0,1,6582
3,4,0,1,6587
5,4,0,1,6596
2,1,0,1,6601
4,3,0,1,6608
1,2,0,1,6615
2,3,0,1,6620
2,3,0,1,6621
3,4,0,1,6622
3,1,0,2,6629
1,2,0,1,6630
4,3,0,1,6635
5,4,0,1,6636
4,3,0,1,6639
3,2,0,1,6640
3,2,0,1,6642
4,5,0,1,6645
4,2,0,2,6650
4,3,0,1,6651
1,2,0,1,6654
2,1,0,1,6657
5,4,0,1,6659
5,4,0,1,6661
5,4,0,1,6668
5,4,0,1,6671
4,3,0,1,6673
3,4,0,1,6680
3,2,0,1,6684
4,5,0,1,6688
2,1,0,1,6691
4,5,0,1,6694
3,4,0,1,6697
2,3,0,1,6701
5,4,0,1,6705
2,1,0,1,6710
4,5,0,1,6716
3,4,0,1,6717
4,5,0,1,6718
5,4,0,1,6720
4,5,0,1,6722
1,2,0,1,6723
3,2,0,1,6724
3,2,0,1,6728
2,1,0,1,6730
5,4,0,1,6737
1,5,0,4,6739
4,3,0,1,6741
2,1,0,1,6743
2,3,0,1,6748
5,3,0,2,6749
2,1,0,1,6750
2,1,0,1,6751
2,3,0,1,6753
5,4,0,1,6756
4,3,0,1,6762
4,3,0,1,6770
4,3,0,1,6771
1,2,0,1,6775
3,2,0,1,6777
4,5,0,1,6778
5,4,0,1,6779
5,4,0,1,6781
1,2,0,1,6786
5,4,0,1,6788
5,3,0,2,6791
5,4,0,1,6796
1,2,0,1,6804
2,1,0,1,6806
1,2,0,1,6809
5,4,0,1,6810
2,1,0,1,6811
4,5,0,1,6817
2,3,0,1,6823
3,2,0,1,6824
4,5,0,1,6828
4,3,0,1,6829
4,5,0,1,6832
2,3,0,1,6833
3,2,0,1,6835
3,2,0,1,6836
1,2,0,1,6838
5,4,0,1,6839
5,4,0,1,6841
3,4,0,1,6845
4,3,0,1,6855
5,4,0,1,6856
4,5,0,1,6860
2,1,0,1,6864
1,2,0,1,6867
2,1,0,1,6868
4,3,0,1,6870
5,4,0,1,6871
3,2,0,1,6879
4,3,0,1,6882
3,2,0,1,6890
4,5,0,1,6898
5,4,0,1,6900
4,3,0,1,6901
2,1,0,1,6902
3,4,0,1,6906
2,3,0,1,6908
3,2,0,1,6910
4,3,0,1,6916
4,5,0,1,6923
1,5,0,4,6926
4,5,0,1,6928
4,3,0,1,6929
4,5,0,1,6933
3,4,0,1,6936
2,1,0,1,6937
4,5,0,1,6939
1,2,0,1,6940
1,2,0,1,6941
2,3,0,1,6946
4,3,0,1,6947
3,2,0,1,6949
2,1,0,1,6957
3,4,0,1,6958
2,1,0,1,6960
3,4,0,1,6966
4,5,0,1,6967
2,3,0,1,6972
2,3,0,1,6973
4,5,0,1,6974
4,5,0,1,6984
3,4,0,1,6987
5,4,0,1,6988
4,3,0,1,6989
4,3,0,1,6991
1,2,0,1,6992
2,1,0,1,6993
4,5,0,1,6996
3,2,0,1,6999
4,3,0,1,7004
3,4,0,1,7005
3,2,0,1,7007
5,4,0,1,7010
2,1,0,1,7014
3,2,0,1,7018
5,4,0,1,7019
5,4,0,1,7020
4,2,0,2,7021
2,1,0,1,7024
4,3,0,1,7038
2,1,0,1,7041
4,3,0,1,7046
2,3,0,1,7050
2,1,0,1,7051
4,3,0,1,7052
5,4,0,1,7057
5,4,0,1,7058
3,2,0,1,7060
1,2,0,1,7062
2,3,0,1,7063
5,4,0,1,7066
1,2,0,1,7068
4,5,0,1,7070
5,4,0,1,7071
1,2,0,1,7077
3,2,0,1,7079
2,1,0,1,7081
1,2,0,1,7086
4,5,0,1,7087
5,4,0,1,7089
5,4,0,1,7092
4,3,0,1,7097
2,4,0,2,7099
4,5,0,1,7100
2,3,0,1,7106
2,1,0,1,7109
2,1,0,1,7112
2,1,0,1,7116
3,4,0,1,7118
1,2,0,1,7123
2,3,0,1,7125
4,3,0,1,7127
2,1,0,1,7129
4,5,0,1,7132
1,3,0,2,7134
2,3,0,1,7135
2,3,0,1,7139
4,5,0,1,7141
3,4,0,1,7144
2,1,0,1,7145
1,2,0,1,7152
2,3,0,1,7153
3,1,0,2,7154
3,2,0,1,7157
2,1,0,1,7158
2,3,0,1,7160
5,4,0,1,7163
2,3,0,1,7171
3,4,0,1,7174
2,1,0,1,7177
5,4,0,1,7184
3,1,0,2,7189
2,1,0,1,7193
2,1,0,1,7202
4,3,0,1,7203
4,5,0,1,7212
2,1,0,1,7216
3,2,0,1,7219
1,2,0,1,7220
5,4,0,1,7223
5,4,0,1,7224
4,3,0,1,7226
4,5,0,1,7227
1,2,0,1,7228
3,2,0,1,7230
1,2,0,1,7231
2,3,0,1,7233
4,5,0,1,7249
4,3,0,1,7254
3,2,0,1,7260
4,5,0,1,7263
2,1,0,1,7265
1,2,0,1,7266
2,3,0,1,7267
2,3,0,1,7269
1,2,0,1,7270
2,1,0,1,7271
4,3,0,1,7277
4,5,0,1,7280
3,2,0,1,7281
3,4,0,1,7288
3,2,0,1,7299
2,3,0,1,7301
2,3,0,1,7305
2,1,0,1,7307
4,3,0,1,7315
3,2,0,1,7316
4,3,0,1,7319
3,2,0,1,7321
4,5,0,1,7322
4,5,0,1,7328
2,1,0,1,7330
4,3,0,1,7332
2,1,0,1,7335
3,4,0,1,7336
4,5,0,1,7337
5,4,0,1,7338
1,2,0,1,7342
3,1,0,2,7343
2,1,0,1,7344
4,3,0,1,7345
1,2,0,1,7347
4,3,0,1,7348
4,5,0,1,7352
2,1,0,1,7358
2,3,0,1,7362
4,5,0,1,7363
5,3,0,2,7367
4,3,0,1,7368
4,5,0,1,7371
3,2,0,1,7373
1,2,0,1,7374
4,5,0,1,7376
3,2,0,1,7378
5,4,0,1,7379
4,5,0,1,7383
2,4,0,2,7385
4,5,0,1,7390
4,3,0,1,7398
3,2,0,1,7401
2,1,0,1,7403
2,1,0,1,7406
2,1,0,1,7411
1,3,0,2,7414
2,1,0,1,7420
2,1,0,1,7424
1,2,0,1,7425
1,2,0,1,7429
3,4,0,1,7438
1,2,0,1,7439
1,2,0,1,7443
5,4,0,1,7446
1,2,0,1,7447
5,4,0,1,7449
3,4,0,1,7450
2,1,0,1,7453
4,5,0,1,7454
3,4,0,1,7457
2,1,0,1,7460
3,4,0,1,7462
2,3,0,1,7468
4,3,0,1,7469
2,1,0,1,7476
3,4,0,1,7481
4,3,0,1,7482
2,1,0,1,7484
5,4,0,1,7486
2,1,0,1,7488
5,4,0,1,7493
5,4,0,1,7495
3,4,0,1,7497
2,1,0,1,7505
3,2,0,1,7508
5,4,0,1,7510
2,1,0,1,7517
4,5,0,1,7521
4,5,0,1,7522
2,1,0,1,7529
2,3,0,1,7530
1,3,0,2,7532
5,4,0,1,7543
1,2,0,1,7548
1,2,0,1,7550
2,3,0,1,7551
3,2,0,1,7552
4,5,0,1,7557
4,3,0,1,7559
3,2,0,1,7562
3,2,0,1,7573
4,5,0,1,7575
2,1,0,1,7576
4,3,0,1,7578
3,4,0,1,7579
1,2,0,1,7581
4,5,0,1,7583
2,3,0,1,7584
4,5,0,1,7585
2,1,0,1,7590
1,2,0,1,7591
3,2,0,1,7592
1,2,0,1,7593
3,2,0,1,7596
2,1,0,1,7597
4,5,0,1,7599
3,4,0,1,7600
2,1,0,1,7603
1,2,0,1,7605
2,3,0,1,7612
4,5,0,1,7613
4,5,0,1,7618
1,2,0,1,7621
2,1,0,1,7624
5,3,0,2,7625
2,3,0,1,7627
4,5,0,1,7628
5,4,0,1,7629
4,3,0,1,7631
3,4,0,1,7632
4,2,0,2,7636
1,2,0,1,7641
3,4,0,1,7642
2,3,0,1,7647
1,2,0,1,7653
4,5,0,1,7659
4,5,0,1,7661
2,1,0,1,7662
1,2,0,1,7665
3,2,0,1,7666
4,5,0,1,7671
4,3,0,1,7672
2,1,0,1,7675
2,3,0,1,7679
1,2,0,1,7680
4,5,0,1,7681
5,4,0,1,7682
2,1,0,1,7688
4,5,0,1,7694
5,4,0,1,7697
1,2,0,1,7702
4,5,0,1,7709
4,3,0,1,7713
2,3,0,1,7722
2,3,0,1,7724
4,5,0,1,7727
4,3,0,1,7728
2,1,0,1,7730
5,4,0,1,7735
3,2,0,1,7737
5,4,0,1,7740
1,2,0,1,7743
4,5,0,1,7744
2,3,0,1,7747
4,3,0,1,7748
3,2,0,1,7752
1,2,0,1,7754
4,5,0,1,7759
3,2,0,1,7763
1,2,0,1,7765
5,4,0,1,7771
4,1,0,3,7773
2,3,0,1,7778
2,1,0,1,7781
3,4,0,1,7784
3,2,0,1,7786
5,4,0,1,7788
2,1,0,1,7792
1,2,0,1,7793
3,4,0,1,7794
5,4,0,1,7802
2,3,0,1,7808
3,2,0,1,7811
4,3,0,1,7816
1,2,0,1,7819
1,2,0,1,7820
3,2,0,1,7824
3,5,0,2,7828
2,3,0,1,7830
4,3,0,1,7834
3,4,0,1,7841
5,4,0,1,7847
3,2,0,1,7849
2,3,0,1,7850
1,2,0,1,7853
5,4,0,1,7854
2,3,0,1,7855
5,4,0,1,7856
5,4,0,1,7861
4,5,0,1,7873
2,1,0,1,7882
3,2,0,1,7885
2,1,0,1,7887
5,4,0,1,7889
3,2,0,1,7890
2,3,0,1,7900
5,4,0,1,7902
4,5,0,1,7907
3,5,0,2,7908
3,2,0,1,7911
5,4,0,1,7913
4,5,0,1,7914
4,5,0,1,7915
4,5,0,1,7918
5,4,0,1,7919
3,2,0,1,7920
4,2,0,2,7922
3,2,0,1,7923
3,4,0,1,7927
3,2,0,1,7932
2,1,0,1,7934
4,3,0,1,7936
4,3,0,1,7937
4,3,0,1,7938
5,4,0,1,7942
2,1,0,1,7951
4,5,0,1,7955
3,4,0,1,7958
5,4,0,1,7960
5,4,0,1,7961
3,2,0,1,7962
4,5,0,1,7963
3,2,0,1,7968
3,2,0,1,7969
4,5,0,1,7976
4,3,0,1,7985
4,5,0,1,7986
3,4,0,1,7989
1,3,0,2,7992
4,3,0,1,7993
3,2,0,1,7995
2,4,0,2,7997
4,5,0,1,7999
3,2,0,1,8000
